ip_address,daytime,poi_type_query,count
0.98.248.97,2.Morning,supermarket,3
0.98.248.97,3.Afternoon,restaurant,2
0.98.248.97,4.Evening,supermarket,2
10.229.150.53,1.Early,supermarket,2
10.229.150.53,2.Morning,supermarket,1
10.229.150.53,3.Afternoon,restaurant,2
10.229.150.53,4.Evening,supermarket,1
10.229.150.53,5.Night,dojo,1
100.255.65.73,1.Early,restaurant,1
100.255.65.73,2.Morning,restaurant,1
100.255.65.73,3.Afternoon,restaurant,3
100.255.65.73,4.Evening,dojo,1
100.255.65.73,5.Night,club,1
101.193.212.180,1.Early,gym,1
101.193.212.180,2.Morning,restaurant,4
101.193.212.180,4.Evening,restaurant,1
101.193.212.180,5.Night,gym,2
103.107.27.105,1.Early,restaurant,2
103.107.27.105,2.Morning,restaurant,2
103.107.27.105,3.Afternoon,restaurant,2
103.107.27.105,4.Evening,gym,1
103.107.27.105,5.Night,restaurant,1
103.75.228.13,1.Early,supermarket,3
103.75.228.13,3.Afternoon,restaurant,2
103.75.228.13,4.Evening,supermarket,3
103.75.228.13,5.Night,supermarket,1
104.149.206.168,1.Early,supermarket,1
104.149.206.168,2.Morning,supermarket,3
104.149.206.168,3.Afternoon,restaurant,1
104.149.206.168,4.Evening,supermarket,2
104.149.206.168,5.Night,supermarket,2
105.148.239.144,1.Early,supermarket,2
105.148.239.144,2.Morning,supermarket,2
105.148.239.144,3.Afternoon,restaurant,1
105.148.239.144,4.Evening,restaurant,1
105.148.239.144,5.Night,restaurant,3
106.44.169.163,1.Early,supermarket,2
106.44.169.163,2.Morning,supermarket,1
106.44.169.163,3.Afternoon,restaurant,2
106.44.169.163,4.Evening,club,1
106.44.169.163,5.Night,supermarket,2
107.201.148.122,1.Early,restaurant,2
107.201.148.122,2.Morning,restaurant,2
107.201.148.122,3.Afternoon,restaurant,1
107.201.148.122,4.Evening,restaurant,2
107.201.148.122,5.Night,gym,2
11.105.81.179,1.Early,supermarket,3
11.105.81.179,3.Afternoon,restaurant,2
11.105.81.179,4.Evening,supermarket,2
11.105.81.179,5.Night,supermarket,1
11.173.13.2,1.Early,supermarket,1
11.173.13.2,2.Morning,supermarket,3
11.173.13.2,3.Afternoon,supermarket,2
11.173.13.2,4.Evening,gym,1
11.173.13.2,5.Night,supermarket,1
113.167.82.177,1.Early,gym,1
113.167.82.177,2.Morning,gym,2
113.167.82.177,3.Afternoon,restaurant,3
113.167.82.177,4.Evening,gym,1
113.167.82.177,5.Night,cafeteria,2
113.244.164.228,1.Early,supermarket,3
113.244.164.228,2.Morning,restaurant,1
113.244.164.228,3.Afternoon,restaurant,1
113.244.164.228,4.Evening,dojo,2
113.244.164.228,5.Night,supermarket,1
114.193.164.29,2.Morning,restaurant,4
114.193.164.29,3.Afternoon,restaurant,1
114.193.164.29,4.Evening,dojo,2
114.193.164.29,5.Night,restaurant,2
115.106.150.37,1.Early,supermarket,1
115.106.150.37,2.Morning,supermarket,2
115.106.150.37,3.Afternoon,restaurant,2
115.106.150.37,4.Evening,supermarket,2
115.106.150.37,5.Night,supermarket,1
115.186.150.175,1.Early,restaurant,1
115.186.150.175,2.Morning,restaurant,1
115.186.150.175,3.Afternoon,restaurant,3
115.186.150.175,4.Evening,cafeteria,2
115.186.150.175,5.Night,restaurant,1
115.207.37.109,1.Early,dojo,3
115.207.37.109,2.Morning,restaurant,2
115.207.37.109,4.Evening,club,3
115.207.37.109,5.Night,dojo,1
117.103.63.202,1.Early,restaurant,2
117.103.63.202,2.Morning,restaurant,3
117.103.63.202,4.Evening,restaurant,1
117.103.63.202,5.Night,gym,2
118.135.166.110,2.Morning,supermarket,3
118.135.166.110,3.Afternoon,supermarket,2
118.135.166.110,4.Evening,supermarket,3
121.125.118.222,1.Early,supermarket,1
121.125.118.222,2.Morning,supermarket,3
121.125.118.222,3.Afternoon,restaurant,1
121.125.118.222,4.Evening,supermarket,2
121.125.118.222,5.Night,supermarket,1
121.229.130.24,1.Early,club,1
121.229.130.24,2.Morning,restaurant,3
121.229.130.24,3.Afternoon,restaurant,3
121.229.130.24,4.Evening,dojo,1
121.229.130.24,5.Night,restaurant,1
123.194.67.60,2.Morning,supermarket,4
123.194.67.60,3.Afternoon,supermarket,2
123.194.67.60,4.Evening,supermarket,1
123.194.67.60,5.Night,club,1
123.239.52.251,1.Early,restaurant,3
123.239.52.251,3.Afternoon,restaurant,2
123.239.52.251,4.Evening,restaurant,3
123.239.52.251,5.Night,gym,1
123.50.250.187,1.Early,supermarket,1
123.50.250.187,2.Morning,supermarket,2
123.50.250.187,3.Afternoon,restaurant,3
123.50.250.187,4.Evening,supermarket,1
123.50.250.187,5.Night,supermarket,1
124.223.29.175,1.Early,restaurant,2
124.223.29.175,2.Morning,restaurant,2
124.223.29.175,3.Afternoon,restaurant,2
124.223.29.175,4.Evening,club,1
124.223.29.175,5.Night,restaurant,2
126.107.209.19,1.Early,restaurant,2
126.107.209.19,2.Morning,restaurant,1
126.107.209.19,3.Afternoon,restaurant,4
126.107.209.19,4.Evening,gym,2
126.150.186.135,1.Early,supermarket,2
126.150.186.135,2.Morning,supermarket,1
126.150.186.135,3.Afternoon,supermarket,4
126.150.186.135,5.Night,gym,1
127.4.23.40,1.Early,restaurant,2
127.4.23.40,2.Morning,restaurant,1
127.4.23.40,3.Afternoon,restaurant,2
127.4.23.40,4.Evening,restaurant,2
127.4.23.40,5.Night,dojo,2
127.94.142.97,1.Early,restaurant,2
127.94.142.97,2.Morning,restaurant,2
127.94.142.97,3.Afternoon,restaurant,2
127.94.142.97,4.Evening,restaurant,2
127.94.142.97,5.Night,gym,1
129.133.79.138,2.Morning,supermarket,3
129.133.79.138,3.Afternoon,restaurant,2
129.133.79.138,4.Evening,restaurant,3
129.133.79.138,5.Night,supermarket,1
13.103.179.102,1.Early,supermarket,2
13.103.179.102,2.Morning,gym,1
13.103.179.102,3.Afternoon,restaurant,2
13.103.179.102,4.Evening,supermarket,2
13.103.179.102,5.Night,supermarket,2
13.144.1.235,1.Early,supermarket,2
13.144.1.235,2.Morning,supermarket,1
13.144.1.235,3.Afternoon,restaurant,2
13.144.1.235,4.Evening,supermarket,1
13.144.1.235,5.Night,supermarket,2
13.191.142.105,1.Early,supermarket,3
13.191.142.105,2.Morning,restaurant,1
13.191.142.105,3.Afternoon,restaurant,1
13.191.142.105,4.Evening,supermarket,2
13.191.142.105,5.Night,gym,2
130.144.146.191,1.Early,gym,1
130.144.146.191,2.Morning,restaurant,2
130.144.146.191,3.Afternoon,restaurant,1
130.144.146.191,4.Evening,gym,3
130.144.146.191,5.Night,dojo,1
131.210.249.71,1.Early,supermarket,1
131.210.249.71,2.Morning,supermarket,3
131.210.249.71,3.Afternoon,restaurant,1
131.210.249.71,4.Evening,supermarket,2
131.210.249.71,5.Night,supermarket,2
132.111.36.105,1.Early,restaurant,1
132.111.36.105,2.Morning,restaurant,2
132.111.36.105,4.Evening,dojo,1
132.111.36.105,5.Night,restaurant,2
132.169.106.77,1.Early,dojo,2
132.169.106.77,2.Morning,club,1
132.169.106.77,3.Afternoon,restaurant,3
132.169.106.77,4.Evening,dojo,2
133.16.42.220,2.Morning,supermarket,2
133.16.42.220,3.Afternoon,restaurant,2
133.16.42.220,4.Evening,supermarket,2
133.16.42.220,5.Night,supermarket,2
133.160.188.193,1.Early,supermarket,1
133.160.188.193,2.Morning,supermarket,3
133.160.188.193,3.Afternoon,restaurant,2
133.160.188.193,4.Evening,supermarket,2
135.104.79.52,1.Early,gym,1
135.104.79.52,2.Morning,restaurant,2
135.104.79.52,3.Afternoon,restaurant,1
135.104.79.52,4.Evening,gym,2
135.104.79.52,5.Night,club,2
138.1.63.218,1.Early,restaurant,1
138.1.63.218,2.Morning,restaurant,2
138.1.63.218,3.Afternoon,restaurant,2
138.1.63.218,4.Evening,restaurant,3
138.154.139.194,1.Early,supermarket,2
138.154.139.194,2.Morning,restaurant,1
138.154.139.194,3.Afternoon,restaurant,2
138.154.139.194,4.Evening,supermarket,2
138.154.139.194,5.Night,club,1
138.53.90.242,1.Early,supermarket,2
138.53.90.242,2.Morning,supermarket,2
138.53.90.242,3.Afternoon,supermarket,2
138.53.90.242,4.Evening,supermarket,2
138.53.90.242,5.Night,supermarket,1
139.251.47.207,1.Early,supermarket,1
139.251.47.207,2.Morning,supermarket,2
139.251.47.207,3.Afternoon,restaurant,2
139.251.47.207,4.Evening,restaurant,2
139.251.47.207,5.Night,supermarket,2
140.119.63.230,2.Morning,restaurant,3
140.119.63.230,3.Afternoon,restaurant,2
140.119.63.230,4.Evening,restaurant,1
140.119.63.230,5.Night,restaurant,2
140.81.135.193,1.Early,gym,1
140.81.135.193,2.Morning,gym,2
140.81.135.193,3.Afternoon,restaurant,2
140.81.135.193,4.Evening,gym,1
140.81.135.193,5.Night,gym,2
140.84.18.65,1.Early,restaurant,2
140.84.18.65,2.Morning,restaurant,2
140.84.18.65,3.Afternoon,restaurant,1
140.84.18.65,4.Evening,restaurant,1
140.84.18.65,5.Night,restaurant,2
143.209.166.96,1.Early,restaurant,2
143.209.166.96,2.Morning,restaurant,1
143.209.166.96,3.Afternoon,restaurant,2
143.209.166.96,4.Evening,restaurant,2
143.209.166.96,5.Night,restaurant,1
146.1.11.56,2.Morning,supermarket,3
146.1.11.56,3.Afternoon,restaurant,1
146.1.11.56,4.Evening,club,2
146.1.11.56,5.Night,supermarket,2
146.148.99.165,2.Morning,restaurant,3
146.148.99.165,3.Afternoon,restaurant,2
146.148.99.165,5.Night,restaurant,3
146.71.112.211,1.Early,supermarket,2
146.71.112.211,2.Morning,supermarket,1
146.71.112.211,3.Afternoon,restaurant,1
146.71.112.211,4.Evening,supermarket,2
146.71.112.211,5.Night,supermarket,1
147.98.35.57,1.Early,supermarket,3
147.98.35.57,2.Morning,restaurant,1
147.98.35.57,3.Afternoon,restaurant,1
147.98.35.57,4.Evening,gym,2
147.98.35.57,5.Night,supermarket,2
148.172.128.122,1.Early,supermarket,2
148.172.128.122,2.Morning,restaurant,3
148.172.128.122,3.Afternoon,gym,1
148.172.128.122,4.Evening,gym,1
148.172.128.122,5.Night,supermarket,2
148.180.246.199,2.Morning,supermarket,3
148.180.246.199,3.Afternoon,restaurant,3
148.180.246.199,4.Evening,supermarket,1
148.180.246.199,5.Night,supermarket,2
148.184.155.201,1.Early,restaurant,2
148.184.155.201,2.Morning,restaurant,4
148.184.155.201,3.Afternoon,restaurant,1
148.184.155.201,4.Evening,restaurant,1
148.184.155.201,5.Night,restaurant,1
148.198.98.205,1.Early,restaurant,2
148.198.98.205,2.Morning,supermarket,2
148.198.98.205,4.Evening,supermarket,2
148.198.98.205,5.Night,restaurant,2
149.36.132.17,1.Early,restaurant,2
149.36.132.17,2.Morning,restaurant,2
149.36.132.17,4.Evening,gym,2
149.36.132.17,5.Night,restaurant,1
150.10.128.218,1.Early,restaurant,2
150.10.128.218,2.Morning,restaurant,2
150.10.128.218,3.Afternoon,restaurant,1
150.10.128.218,4.Evening,dojo,1
150.10.128.218,5.Night,restaurant,2
152.115.234.99,1.Early,restaurant,1
152.115.234.99,2.Morning,restaurant,2
152.115.234.99,3.Afternoon,restaurant,2
152.115.234.99,4.Evening,restaurant,1
152.115.234.99,5.Night,restaurant,2
154.241.0.45,1.Early,supermarket,1
154.241.0.45,2.Morning,supermarket,3
154.241.0.45,3.Afternoon,restaurant,1
154.241.0.45,4.Evening,supermarket,4
156.148.169.71,1.Early,restaurant,2
156.148.169.71,2.Morning,restaurant,3
156.148.169.71,3.Afternoon,gym,1
156.148.169.71,4.Evening,restaurant,1
156.148.169.71,5.Night,gym,2
157.252.251.212,1.Early,dojo,1
157.252.251.212,2.Morning,restaurant,3
157.252.251.212,3.Afternoon,restaurant,1
157.252.251.212,4.Evening,club,1
157.252.251.212,5.Night,dojo,3
159.118.124.69,2.Morning,supermarket,4
159.118.124.69,3.Afternoon,restaurant,1
159.118.124.69,4.Evening,supermarket,3
163.177.121.157,1.Early,restaurant,1
163.177.121.157,2.Morning,restaurant,1
163.177.121.157,3.Afternoon,restaurant,2
163.177.121.157,4.Evening,gym,2
163.177.121.157,5.Night,restaurant,2
163.180.140.74,1.Early,restaurant,2
163.180.140.74,2.Morning,restaurant,1
163.180.140.74,3.Afternoon,restaurant,2
163.180.140.74,4.Evening,restaurant,2
163.180.140.74,5.Night,restaurant,2
166.3.233.225,1.Early,gym,2
166.3.233.225,2.Morning,restaurant,3
166.3.233.225,4.Evening,restaurant,2
166.3.233.225,5.Night,restaurant,1
166.63.10.195,1.Early,restaurant,2
166.63.10.195,2.Morning,restaurant,2
166.63.10.195,3.Afternoon,restaurant,1
166.63.10.195,4.Evening,gym,2
166.63.10.195,5.Night,restaurant,1
17.31.78.253,1.Early,restaurant,2
17.31.78.253,2.Morning,restaurant,2
17.31.78.253,3.Afternoon,dojo,1
17.31.78.253,4.Evening,restaurant,1
17.31.78.253,5.Night,gym,2
171.102.165.236,1.Early,dojo,1
171.102.165.236,2.Morning,restaurant,3
171.102.165.236,3.Afternoon,restaurant,1
171.102.165.236,4.Evening,restaurant,1
171.102.165.236,5.Night,dojo,2
173.88.30.87,1.Early,gym,2
173.88.30.87,2.Morning,restaurant,3
173.88.30.87,4.Evening,dojo,1
173.88.30.87,5.Night,gym,3
174.151.217.219,1.Early,restaurant,1
174.151.217.219,2.Morning,restaurant,4
174.151.217.219,3.Afternoon,gym,1
174.151.217.219,4.Evening,cafeteria,1
174.151.217.219,5.Night,restaurant,2
175.42.106.82,1.Early,gym,1
175.42.106.82,2.Morning,restaurant,2
175.42.106.82,3.Afternoon,restaurant,1
175.42.106.82,4.Evening,gym,2
175.42.106.82,5.Night,dojo,1
175.43.40.163,1.Early,supermarket,1
175.43.40.163,2.Morning,supermarket,2
175.43.40.163,3.Afternoon,restaurant,2
175.43.40.163,4.Evening,supermarket,3
175.43.40.163,5.Night,restaurant,1
18.134.157.178,1.Early,restaurant,1
18.134.157.178,2.Morning,restaurant,2
18.134.157.178,3.Afternoon,restaurant,2
18.134.157.178,4.Evening,restaurant,2
18.134.157.178,5.Night,dojo,1
18.204.22.223,1.Early,restaurant,2
18.204.22.223,2.Morning,restaurant,2
18.204.22.223,3.Afternoon,restaurant,1
18.204.22.223,4.Evening,gym,4
18.32.136.165,1.Early,restaurant,3
18.32.136.165,2.Morning,restaurant,2
18.32.136.165,4.Evening,restaurant,2
18.32.136.165,5.Night,gym,2
18.52.26.2,1.Early,dojo,1
18.52.26.2,2.Morning,restaurant,2
18.52.26.2,3.Afternoon,restaurant,1
18.52.26.2,4.Evening,club,2
18.52.26.2,5.Night,dojo,2
180.226.4.53,1.Early,gym,1
180.226.4.53,2.Morning,gym,2
180.226.4.53,3.Afternoon,restaurant,3
180.226.4.53,5.Night,dojo,2
181.239.94.112,1.Early,supermarket,1
181.239.94.112,2.Morning,supermarket,4
181.239.94.112,4.Evening,gym,1
181.239.94.112,5.Night,supermarket,3
182.2.239.27,1.Early,restaurant,4
182.2.239.27,3.Afternoon,restaurant,3
182.2.239.27,4.Evening,restaurant,1
182.2.239.27,5.Night,restaurant,1
182.92.28.40,1.Early,gym,1
182.92.28.40,2.Morning,supermarket,2
182.92.28.40,3.Afternoon,restaurant,2
182.92.28.40,4.Evening,dojo,2
182.92.28.40,5.Night,supermarket,1
187.69.159.223,1.Early,supermarket,3
187.69.159.223,3.Afternoon,supermarket,2
187.69.159.223,4.Evening,restaurant,2
187.69.159.223,5.Night,supermarket,1
189.222.3.241,1.Early,gym,2
189.222.3.241,2.Morning,restaurant,2
189.222.3.241,4.Evening,club,1
189.222.3.241,5.Night,gym,3
19.209.233.227,1.Early,restaurant,2
19.209.233.227,2.Morning,restaurant,1
19.209.233.227,4.Evening,restaurant,4
19.24.38.167,1.Early,supermarket,3
19.24.38.167,2.Morning,restaurant,1
19.24.38.167,3.Afternoon,restaurant,1
19.24.38.167,4.Evening,supermarket,3
19.37.175.16,1.Early,supermarket,2
19.37.175.16,2.Morning,supermarket,1
19.37.175.16,3.Afternoon,restaurant,2
19.37.175.16,4.Evening,supermarket,2
19.37.175.16,5.Night,restaurant,2
190.220.254.252,1.Early,supermarket,1
190.220.254.252,2.Morning,supermarket,2
190.220.254.252,4.Evening,supermarket,2
190.220.254.252,5.Night,gym,1
191.78.122.246,1.Early,supermarket,2
191.78.122.246,2.Morning,restaurant,1
191.78.122.246,3.Afternoon,supermarket,3
191.78.122.246,5.Night,supermarket,2
194.153.241.86,1.Early,supermarket,2
194.153.241.86,2.Morning,supermarket,1
194.153.241.86,3.Afternoon,restaurant,3
194.153.241.86,4.Evening,supermarket,1
194.153.241.86,5.Night,supermarket,1
194.89.78.49,1.Early,supermarket,1
194.89.78.49,2.Morning,supermarket,3
194.89.78.49,3.Afternoon,restaurant,2
194.89.78.49,4.Evening,supermarket,1
194.89.78.49,5.Night,supermarket,1
197.134.251.204,1.Early,supermarket,2
197.134.251.204,2.Morning,gym,1
197.134.251.204,3.Afternoon,supermarket,2
197.134.251.204,4.Evening,gym,1
197.134.251.204,5.Night,supermarket,1
20.194.91.153,1.Early,supermarket,1
20.194.91.153,2.Morning,supermarket,2
20.194.91.153,3.Afternoon,supermarket,2
20.194.91.153,4.Evening,supermarket,3
200.20.52.81,1.Early,supermarket,1
200.20.52.81,2.Morning,supermarket,2
200.20.52.81,3.Afternoon,restaurant,2
200.20.52.81,4.Evening,supermarket,2
200.20.52.81,5.Night,supermarket,2
201.147.34.165,1.Early,supermarket,1
201.147.34.165,2.Morning,supermarket,3
201.147.34.165,3.Afternoon,restaurant,1
201.147.34.165,4.Evening,supermarket,1
201.147.34.165,5.Night,supermarket,2
202.161.113.142,1.Early,supermarket,2
202.161.113.142,2.Morning,supermarket,1
202.161.113.142,3.Afternoon,restaurant,2
202.161.113.142,4.Evening,gym,3
202.161.113.142,5.Night,supermarket,1
202.39.106.20,1.Early,supermarket,2
202.39.106.20,2.Morning,supermarket,2
202.39.106.20,3.Afternoon,restaurant,2
202.39.106.20,4.Evening,restaurant,1
202.39.106.20,5.Night,supermarket,1
203.24.85.254,1.Early,restaurant,1
203.24.85.254,2.Morning,restaurant,1
203.24.85.254,3.Afternoon,restaurant,2
203.24.85.254,4.Evening,restaurant,1
203.24.85.254,5.Night,restaurant,2
204.146.211.61,1.Early,supermarket,1
204.146.211.61,2.Morning,supermarket,2
204.146.211.61,3.Afternoon,restaurant,1
204.146.211.61,4.Evening,supermarket,3
204.146.211.61,5.Night,restaurant,1
205.217.178.129,1.Early,supermarket,2
205.217.178.129,2.Morning,supermarket,2
205.217.178.129,3.Afternoon,supermarket,2
205.217.178.129,4.Evening,gym,1
205.217.178.129,5.Night,supermarket,1
208.129.163.212,1.Early,supermarket,1
208.129.163.212,2.Morning,supermarket,2
208.129.163.212,3.Afternoon,restaurant,2
208.129.163.212,4.Evening,club,1
208.129.163.212,5.Night,supermarket,1
208.156.187.81,1.Early,dojo,1
208.156.187.81,2.Morning,restaurant,4
208.156.187.81,4.Evening,dojo,3
21.97.153.208,1.Early,supermarket,2
21.97.153.208,2.Morning,restaurant,3
21.97.153.208,4.Evening,supermarket,2
21.97.153.208,5.Night,supermarket,2
210.229.8.27,1.Early,supermarket,1
210.229.8.27,2.Morning,supermarket,2
210.229.8.27,3.Afternoon,restaurant,1
210.229.8.27,4.Evening,supermarket,3
210.229.8.27,5.Night,cafeteria,1
210.68.124.185,1.Early,supermarket,2
210.68.124.185,2.Morning,restaurant,2
210.68.124.185,4.Evening,supermarket,1
210.68.124.185,5.Night,supermarket,1
211.193.115.52,1.Early,restaurant,3
211.193.115.52,2.Morning,restaurant,2
211.193.115.52,4.Evening,restaurant,2
211.193.115.52,5.Night,restaurant,2
22.89.99.232,1.Early,supermarket,2
22.89.99.232,2.Morning,supermarket,1
22.89.99.232,3.Afternoon,restaurant,3
22.89.99.232,4.Evening,supermarket,1
22.89.99.232,5.Night,supermarket,2
220.23.41.202,1.Early,restaurant,2
220.23.41.202,2.Morning,restaurant,1
220.23.41.202,3.Afternoon,restaurant,2
220.23.41.202,4.Evening,gym,2
220.23.41.202,5.Night,restaurant,2
222.215.127.43,1.Early,supermarket,3
222.215.127.43,2.Morning,supermarket,2
222.215.127.43,3.Afternoon,restaurant,1
222.215.127.43,4.Evening,supermarket,1
224.203.30.107,1.Early,gym,1
224.203.30.107,2.Morning,gym,2
224.203.30.107,3.Afternoon,restaurant,2
224.203.30.107,4.Evening,gym,1
224.203.30.107,5.Night,gym,1
227.101.137.102,1.Early,restaurant,2
227.101.137.102,2.Morning,supermarket,1
227.101.137.102,3.Afternoon,restaurant,1
227.101.137.102,4.Evening,supermarket,3
229.89.219.178,2.Morning,supermarket,3
229.89.219.178,3.Afternoon,restaurant,2
229.89.219.178,4.Evening,supermarket,2
229.89.219.178,5.Night,restaurant,2
23.32.131.49,1.Early,supermarket,2
23.32.131.49,2.Morning,supermarket,2
23.32.131.49,3.Afternoon,restaurant,2
23.32.131.49,4.Evening,supermarket,1
23.32.131.49,5.Night,supermarket,1
230.106.55.51,1.Early,supermarket,2
230.106.55.51,2.Morning,restaurant,1
230.106.55.51,3.Afternoon,restaurant,2
230.106.55.51,4.Evening,supermarket,3
230.106.55.51,5.Night,supermarket,1
230.117.18.126,1.Early,restaurant,1
230.117.18.126,2.Morning,supermarket,3
230.117.18.126,4.Evening,supermarket,2
230.117.18.126,5.Night,supermarket,2
230.200.203.199,1.Early,club,1
230.200.203.199,2.Morning,gym,2
230.200.203.199,3.Afternoon,restaurant,2
230.200.203.199,4.Evening,club,1
230.200.203.199,5.Night,gym,2
231.216.0.104,1.Early,gym,2
231.216.0.104,2.Morning,restaurant,2
231.216.0.104,3.Afternoon,club,1
231.216.0.104,4.Evening,gym,2
231.216.0.104,5.Night,dojo,1
232.230.163.5,2.Morning,supermarket,5
232.230.163.5,4.Evening,supermarket,2
232.230.163.5,5.Night,supermarket,1
232.7.240.191,1.Early,restaurant,1
232.7.240.191,2.Morning,restaurant,1
232.7.240.191,3.Afternoon,restaurant,2
232.7.240.191,4.Evening,gym,2
232.7.240.191,5.Night,restaurant,1
233.143.85.157,1.Early,gym,1
233.143.85.157,2.Morning,restaurant,2
233.143.85.157,3.Afternoon,restaurant,1
233.143.85.157,4.Evening,gym,1
233.143.85.157,5.Night,gym,2
233.228.129.122,1.Early,restaurant,2
233.228.129.122,2.Morning,restaurant,2
233.228.129.122,3.Afternoon,restaurant,1
233.228.129.122,4.Evening,restaurant,3
233.228.129.122,5.Night,dojo,1
236.195.248.12,1.Early,dojo,2
236.195.248.12,2.Morning,restaurant,1
236.195.248.12,3.Afternoon,restaurant,2
236.195.248.12,5.Night,dojo,1
237.144.218.252,1.Early,supermarket,1
237.144.218.252,2.Morning,supermarket,3
237.144.218.252,3.Afternoon,supermarket,2
237.144.218.252,4.Evening,restaurant,1
237.144.218.252,5.Night,supermarket,1
237.34.214.242,1.Early,supermarket,1
237.34.214.242,2.Morning,supermarket,2
237.34.214.242,3.Afternoon,restaurant,2
237.34.214.242,4.Evening,supermarket,3
237.34.214.242,5.Night,dojo,1
239.43.202.171,1.Early,supermarket,4
239.43.202.171,3.Afternoon,restaurant,3
239.43.202.171,4.Evening,cafeteria,1
24.103.222.44,2.Morning,restaurant,4
24.103.222.44,3.Afternoon,restaurant,1
24.103.222.44,4.Evening,restaurant,1
24.103.222.44,5.Night,restaurant,2
240.166.18.225,1.Early,restaurant,1
240.166.18.225,2.Morning,restaurant,3
240.166.18.225,3.Afternoon,restaurant,1
240.166.18.225,4.Evening,restaurant,3
242.216.225.78,1.Early,cafeteria,1
242.216.225.78,2.Morning,restaurant,3
242.216.225.78,3.Afternoon,restaurant,1
242.216.225.78,4.Evening,gym,2
242.216.225.78,5.Night,gym,2
244.190.169.115,1.Early,supermarket,2
244.190.169.115,2.Morning,supermarket,1
244.190.169.115,3.Afternoon,restaurant,2
244.190.169.115,4.Evening,supermarket,2
244.190.169.115,5.Night,supermarket,2
245.191.255.251,1.Early,supermarket,1
245.191.255.251,2.Morning,supermarket,4
245.191.255.251,4.Evening,supermarket,2
245.191.255.251,5.Night,supermarket,1
245.245.186.65,1.Early,dojo,1
245.245.186.65,2.Morning,restaurant,3
245.245.186.65,3.Afternoon,restaurant,1
245.245.186.65,4.Evening,supermarket,1
245.245.186.65,5.Night,supermarket,1
245.77.53.191,1.Early,dojo,1
245.77.53.191,2.Morning,supermarket,2
245.77.53.191,3.Afternoon,restaurant,1
245.77.53.191,4.Evening,supermarket,1
245.77.53.191,5.Night,supermarket,2
247.196.95.171,1.Early,supermarket,1
247.196.95.171,2.Morning,supermarket,3
247.196.95.171,4.Evening,supermarket,2
247.196.95.171,5.Night,supermarket,2
247.26.27.252,2.Morning,supermarket,3
247.26.27.252,3.Afternoon,supermarket,2
247.26.27.252,5.Night,supermarket,1
247.70.122.201,1.Early,supermarket,2
247.70.122.201,2.Morning,supermarket,2
247.70.122.201,3.Afternoon,restaurant,1
247.70.122.201,4.Evening,club,2
247.70.122.201,5.Night,supermarket,1
250.117.118.197,1.Early,gym,2
250.117.118.197,2.Morning,gym,1
250.117.118.197,3.Afternoon,restaurant,2
250.117.118.197,4.Evening,gym,1
250.117.118.197,5.Night,gym,3
250.163.7.81,1.Early,supermarket,2
250.163.7.81,2.Morning,restaurant,2
250.163.7.81,3.Afternoon,restaurant,1
250.163.7.81,4.Evening,supermarket,1
250.163.7.81,5.Night,supermarket,2
250.71.124.231,2.Morning,supermarket,3
250.71.124.231,3.Afternoon,supermarket,3
250.71.124.231,5.Night,supermarket,2
254.77.88.10,1.Early,club,1
254.77.88.10,2.Morning,restaurant,3
254.77.88.10,3.Afternoon,restaurant,1
254.77.88.10,4.Evening,gym,1
254.77.88.10,5.Night,gym,2
27.162.61.209,1.Early,supermarket,1
27.162.61.209,2.Morning,supermarket,2
27.162.61.209,3.Afternoon,restaurant,2
27.162.61.209,4.Evening,supermarket,2
27.162.61.209,5.Night,supermarket,1
27.89.29.117,1.Early,supermarket,2
27.89.29.117,2.Morning,supermarket,1
27.89.29.117,3.Afternoon,restaurant,3
27.89.29.117,4.Evening,supermarket,1
27.89.29.117,5.Night,supermarket,1
28.234.194.204,1.Early,supermarket,2
28.234.194.204,2.Morning,restaurant,1
28.234.194.204,3.Afternoon,restaurant,2
28.234.194.204,4.Evening,supermarket,2
28.234.194.204,5.Night,supermarket,2
3.36.170.195,2.Morning,supermarket,5
3.36.170.195,4.Evening,supermarket,2
31.94.149.244,1.Early,club,2
31.94.149.244,2.Morning,restaurant,2
31.94.149.244,5.Night,restaurant,4
33.105.198.25,1.Early,gym,2
33.105.198.25,2.Morning,restaurant,2
33.105.198.25,3.Afternoon,restaurant,1
33.105.198.25,4.Evening,gym,3
33.105.198.25,5.Night,dojo,1
34.101.177.245,2.Morning,restaurant,3
34.101.177.245,3.Afternoon,restaurant,3
34.101.177.245,4.Evening,restaurant,2
34.34.64.234,1.Early,restaurant,2
34.34.64.234,2.Morning,cafeteria,1
34.34.64.234,3.Afternoon,restaurant,2
34.34.64.234,4.Evening,restaurant,2
34.34.64.234,5.Night,restaurant,2
36.236.230.96,1.Early,restaurant,2
36.236.230.96,2.Morning,supermarket,2
36.236.230.96,3.Afternoon,restaurant,2
36.236.230.96,4.Evening,restaurant,2
36.236.230.96,5.Night,dojo,1
37.12.103.243,1.Early,restaurant,2
37.12.103.243,2.Morning,restaurant,1
37.12.103.243,3.Afternoon,restaurant,2
37.12.103.243,4.Evening,club,2
37.12.103.243,5.Night,restaurant,2
37.238.140.76,2.Morning,supermarket,3
37.238.140.76,3.Afternoon,restaurant,2
37.238.140.76,4.Evening,supermarket,2
37.238.140.76,5.Night,restaurant,2
37.52.192.45,1.Early,supermarket,2
37.52.192.45,2.Morning,restaurant,2
37.52.192.45,3.Afternoon,restaurant,1
37.52.192.45,4.Evening,restaurant,2
37.52.192.45,5.Night,dojo,1
37.74.148.147,1.Early,restaurant,2
37.74.148.147,2.Morning,restaurant,1
37.74.148.147,3.Afternoon,restaurant,3
37.74.148.147,4.Evening,dojo,1
37.74.148.147,5.Night,restaurant,1
37.93.75.56,1.Early,supermarket,3
37.93.75.56,3.Afternoon,restaurant,2
37.93.75.56,4.Evening,supermarket,2
37.93.75.56,5.Night,supermarket,2
4.78.164.209,1.Early,supermarket,1
4.78.164.209,2.Morning,supermarket,2
4.78.164.209,3.Afternoon,supermarket,3
4.78.164.209,4.Evening,cafeteria,1
4.78.164.209,5.Night,supermarket,2
42.58.33.7,1.Early,supermarket,1
42.58.33.7,2.Morning,supermarket,2
42.58.33.7,3.Afternoon,supermarket,2
42.58.33.7,5.Night,supermarket,2
45.192.57.66,1.Early,supermarket,3
45.192.57.66,3.Afternoon,supermarket,3
45.192.57.66,4.Evening,supermarket,1
46.103.95.199,1.Early,restaurant,2
46.103.95.199,2.Morning,dojo,1
46.103.95.199,3.Afternoon,restaurant,2
46.103.95.199,4.Evening,restaurant,1
46.103.95.199,5.Night,restaurant,2
49.133.11.43,1.Early,supermarket,1
49.133.11.43,2.Morning,gym,2
49.133.11.43,3.Afternoon,restaurant,2
49.133.11.43,4.Evening,supermarket,1
49.133.11.43,5.Night,supermarket,1
49.205.49.101,1.Early,gym,2
49.205.49.101,2.Morning,gym,1
49.205.49.101,3.Afternoon,restaurant,2
49.205.49.101,4.Evening,gym,1
49.205.49.101,5.Night,gym,2
51.24.62.219,1.Early,supermarket,1
51.24.62.219,2.Morning,supermarket,3
51.24.62.219,3.Afternoon,supermarket,3
51.24.62.219,5.Night,gym,2
52.1.34.89,1.Early,gym,1
52.1.34.89,2.Morning,supermarket,3
52.1.34.89,3.Afternoon,restaurant,1
52.1.34.89,4.Evening,supermarket,2
52.1.34.89,5.Night,gym,1
52.35.191.21,1.Early,supermarket,2
52.35.191.21,2.Morning,supermarket,1
52.35.191.21,3.Afternoon,restaurant,2
52.35.191.21,4.Evening,dojo,2
52.35.191.21,5.Night,supermarket,1
53.184.207.174,1.Early,restaurant,1
53.184.207.174,2.Morning,restaurant,3
53.184.207.174,4.Evening,club,2
53.184.207.174,5.Night,restaurant,2
57.100.56.37,1.Early,restaurant,1
57.100.56.37,2.Morning,restaurant,2
57.100.56.37,3.Afternoon,restaurant,2
57.100.56.37,4.Evening,restaurant,2
57.100.56.37,5.Night,cafeteria,1
58.148.135.246,1.Early,supermarket,1
58.148.135.246,2.Morning,supermarket,2
58.148.135.246,3.Afternoon,restaurant,1
58.148.135.246,4.Evening,supermarket,3
58.9.101.51,1.Early,restaurant,1
58.9.101.51,2.Morning,restaurant,3
58.9.101.51,3.Afternoon,restaurant,1
58.9.101.51,4.Evening,dojo,2
58.9.101.51,5.Night,restaurant,1
60.109.165.215,1.Early,gym,1
60.109.165.215,2.Morning,restaurant,2
60.109.165.215,3.Afternoon,restaurant,1
60.109.165.215,4.Evening,restaurant,3
60.109.165.215,5.Night,club,1
60.235.63.253,1.Early,supermarket,1
60.235.63.253,2.Morning,supermarket,2
60.235.63.253,3.Afternoon,restaurant,2
60.235.63.253,4.Evening,supermarket,2
60.235.63.253,5.Night,supermarket,1
61.119.100.118,2.Morning,restaurant,4
61.119.100.118,4.Evening,restaurant,2
61.119.100.118,5.Night,restaurant,2
61.173.242.232,1.Early,supermarket,2
61.173.242.232,2.Morning,restaurant,1
61.173.242.232,3.Afternoon,restaurant,1
61.173.242.232,4.Evening,supermarket,2
61.173.242.232,5.Night,supermarket,2
62.87.46.15,1.Early,supermarket,2
62.87.46.15,2.Morning,supermarket,1
62.87.46.15,3.Afternoon,supermarket,3
62.87.46.15,4.Evening,restaurant,1
62.87.46.15,5.Night,supermarket,2
63.25.113.30,2.Morning,supermarket,3
63.25.113.30,3.Afternoon,restaurant,1
63.25.113.30,4.Evening,supermarket,2
63.25.113.30,5.Night,supermarket,2
65.106.64.1,1.Early,supermarket,2
65.106.64.1,2.Morning,restaurant,2
65.106.64.1,4.Evening,supermarket,2
65.106.64.1,5.Night,gym,1
66.78.97.123,1.Early,supermarket,2
66.78.97.123,2.Morning,supermarket,3
66.78.97.123,4.Evening,gym,2
66.78.97.123,5.Night,supermarket,2
69.128.113.27,1.Early,dojo,1
69.128.113.27,2.Morning,supermarket,2
69.128.113.27,3.Afternoon,supermarket,2
69.128.113.27,5.Night,supermarket,2
69.153.160.132,1.Early,restaurant,3
69.153.160.132,2.Morning,restaurant,1
69.153.160.132,3.Afternoon,restaurant,1
69.153.160.132,4.Evening,restaurant,1
69.153.160.132,5.Night,gym,2
7.154.93.97,1.Early,restaurant,2
7.154.93.97,2.Morning,restaurant,3
7.154.93.97,4.Evening,gym,2
7.154.93.97,5.Night,restaurant,2
7.210.121.52,1.Early,supermarket,2
7.210.121.52,2.Morning,supermarket,3
7.210.121.52,4.Evening,supermarket,2
7.210.121.52,5.Night,supermarket,1
70.162.142.125,2.Morning,restaurant,3
70.162.142.125,3.Afternoon,restaurant,2
70.162.142.125,4.Evening,restaurant,2
70.162.142.125,5.Night,restaurant,2
71.146.193.2,1.Early,supermarket,1
71.146.193.2,2.Morning,supermarket,2
71.146.193.2,3.Afternoon,restaurant,2
71.146.193.2,4.Evening,cafeteria,2
71.161.252.167,1.Early,supermarket,2
71.161.252.167,2.Morning,gym,1
71.161.252.167,3.Afternoon,supermarket,3
71.161.252.167,4.Evening,supermarket,1
71.161.252.167,5.Night,restaurant,2
78.204.108.127,1.Early,supermarket,2
78.204.108.127,2.Morning,supermarket,1
78.204.108.127,3.Afternoon,restaurant,2
78.204.108.127,4.Evening,supermarket,2
78.204.108.127,5.Night,restaurant,1
80.192.92.91,2.Morning,supermarket,3
80.192.92.91,3.Afternoon,restaurant,2
80.192.92.91,4.Evening,supermarket,1
80.192.92.91,5.Night,supermarket,1
82.225.127.217,2.Morning,restaurant,3
82.225.127.217,3.Afternoon,restaurant,2
82.225.127.217,4.Evening,gym,2
82.225.127.217,5.Night,restaurant,2
82.230.180.56,1.Early,restaurant,2
82.230.180.56,2.Morning,restaurant,1
82.230.180.56,3.Afternoon,restaurant,3
82.230.180.56,4.Evening,cafeteria,1
82.230.180.56,5.Night,restaurant,2
82.249.248.9,2.Morning,restaurant,3
82.249.248.9,3.Afternoon,restaurant,2
82.249.248.9,4.Evening,club,2
82.249.248.9,5.Night,restaurant,2
84.37.183.178,1.Early,supermarket,1
84.37.183.178,2.Morning,supermarket,3
84.37.183.178,3.Afternoon,restaurant,1
84.37.183.178,4.Evening,dojo,2
84.37.183.178,5.Night,supermarket,2
87.160.243.55,1.Early,supermarket,1
87.160.243.55,2.Morning,supermarket,2
87.160.243.55,3.Afternoon,restaurant,1
87.160.243.55,4.Evening,supermarket,1
87.160.243.55,5.Night,gym,1
88.32.125.209,1.Early,restaurant,1
88.32.125.209,2.Morning,supermarket,3
88.32.125.209,3.Afternoon,restaurant,1
88.32.125.209,4.Evening,supermarket,2
89.234.179.60,1.Early,supermarket,1
89.234.179.60,2.Morning,supermarket,2
89.234.179.60,3.Afternoon,restaurant,1
89.234.179.60,4.Evening,supermarket,2
89.234.179.60,5.Night,dojo,2
9.222.136.149,1.Early,supermarket,2
9.222.136.149,2.Morning,restaurant,1
9.222.136.149,3.Afternoon,supermarket,2
9.222.136.149,4.Evening,restaurant,3
90.18.152.161,1.Early,restaurant,1
90.18.152.161,2.Morning,restaurant,4
90.18.152.161,4.Evening,restaurant,2
90.18.152.161,5.Night,restaurant,2
90.62.189.218,1.Early,supermarket,2
90.62.189.218,2.Morning,supermarket,2
90.62.189.218,3.Afternoon,restaurant,1
90.62.189.218,4.Evening,supermarket,2
90.62.189.218,5.Night,supermarket,1
91.60.233.179,1.Early,supermarket,2
91.60.233.179,2.Morning,gym,1
91.60.233.179,3.Afternoon,restaurant,2
91.60.233.179,4.Evening,supermarket,1
91.60.233.179,5.Night,supermarket,1
92.140.193.171,1.Early,gym,1
92.140.193.171,2.Morning,supermarket,3
92.140.193.171,3.Afternoon,restaurant,1
92.140.193.171,4.Evening,supermarket,1
92.140.193.171,5.Night,gym,2
94.220.204.193,1.Early,restaurant,2
94.220.204.193,2.Morning,restaurant,1
94.220.204.193,3.Afternoon,restaurant,3
94.220.204.193,4.Evening,restaurant,1
94.220.204.193,5.Night,restaurant,1
94.223.68.192,1.Early,supermarket,2
94.223.68.192,2.Morning,supermarket,2
94.223.68.192,3.Afternoon,restaurant,1
94.223.68.192,4.Evening,gym,1
94.223.68.192,5.Night,supermarket,2
95.146.245.203,1.Early,gym,2
95.146.245.203,2.Morning,restaurant,1
95.146.245.203,3.Afternoon,restaurant,1
95.146.245.203,4.Evening,club,2
95.146.245.203,5.Night,gym,2
96.128.153.246,1.Early,supermarket,2
96.128.153.246,2.Morning,supermarket,1
96.128.153.246,3.Afternoon,supermarket,4
96.128.153.246,4.Evening,cafeteria,1
96.128.153.246,5.Night,supermarket,1
97.138.146.97,2.Morning,supermarket,3
97.138.146.97,3.Afternoon,supermarket,2
97.138.146.97,4.Evening,gym,1
97.138.146.97,5.Night,supermarket,1
